{"intents": [
    {"tag": "greeting",
     "patterns": [
      "Hi there",
      "How are you",
      "Hey",
      "Hola",
      "Hello",
      "Good day",
      "Hi",
      "Hello there",
      "Greetings",
      "What's up",
      "Hey, how's it going",
      "Hey, what's happening",
      "Hey, any updates",
      "Hey, long time no see"
    ],
     "responses": [
     "Hello", 
     "Hello there", 
     "Hi", 
     "Hi there, how are you", 
     "How can i assist you"],
     "context": [""]
    },
    {"tag": "goodbye",
     "patterns": [
      "Bye", 
      "See you later", 
      "Goodbye", 
      "Nice chatting to you, bye", 
      "Till next time"],
     "responses": [
      "Bye", 
     "Goodbye", 
     "See you later", 
     "Take care", 
     "Farewell", 
     "Adios", 
     "So long", 
     "Catch you later", 
     "Until next time", 
     "Have a nice day", 
     "Peace out", 
     "Cheerio", 
     "Toodles", 
     "Bye-bye", 
     "Take it easy"],
     "context": [""]
    },
    {"tag": "thanks",
     "patterns": [
      "Thanks", 
     "Thank you", 
     "Appreciate it", 
     "Many thanks", 
     "Thanks a lot", 
     "Thank you so much", 
     "I'm grateful", 
     "I appreciate your help", 
     "Thanks for your assistance", 
     "Much obliged", 
     "Thanking you", 
     "I owe you one", 
     "Big thanks", 
     "I'm thankful", 
     "Thank you kindly"],
     "responses": ["My pleasure", "You're Welcome","It's my pleasure","No problem","I'm here to help"],
     "context": [""]
    },
    {"tag": "time",
     "patterns": ["Can you provide me with time management tips?", 
     "I need some tips on time management", 
     "Could you share time management advice?", 
     "Do you have any tips for managing time?", 
     "What are some effective time management strategies?", 
     "Can you give me advice on managing my time?", 
     "I'm looking for tips to improve my time management skills", 
     "How can I better manage my time?", "Any suggestions for time management?", 
     "What are some time management techniques I can use?", 
     "I could use some tips on organizing my time", 
     "Do you have any time management hacks?", 
     "Can you give me tips for better time utilization?", 
     "What are your recommendations for time management?", 
     "I'm seeking guidance on time management"],
     "responses": ["Effective time management involves prioritizing tasks, setting achievable goals, avoiding distractions, taking breaks, learning to say no, using tools like calendars and timers, and regularly reviewing progress."],
     "context": [""]
    },
    {"tag": "study",
     "patterns": ["Could you assist me with studying?", 
     "I need help with my studies", 
     "Can you support me in my study efforts?", 
     "Do you have any tips for effective studying?", 
     "Can you provide guidance for studying?", 
     "I'm looking for study assistance, can you help?", 
     "Could you give me some study advice?", 
     "Can you offer any study techniques?", 
     "I'm struggling with studying, can you lend a hand?", 
     "Can you share some study strategies?", 
     "I could use some help with my study routine", 
     "Do you have any study resources to recommend?", 
     "Can you give me study tips?", 
     "I'm seeking guidance on studying, can you assist?", 
     "Could you give me study suggestions?", 
     "Can you offer study guidance?"],
     "responses": ["Everyone has their own unique way of studying but here is a some tips to help you: set clear goals, create a schedule, use active learning techniques, take breaks and stay organized.","If you're having a hard time studying, here are some tips that might help. 1) Find a comfortable place to study where distractions are limited. 2) Make sure you are in a well lit area with some fresh air. 3) Study in a quite place, try to eliminate all noise and study without music if possible. 4) Try to develope an interest in what you are studying. 5) Use all your senses this includes, seeing and hearing what you are studying.", "It can be difficult to memorize a lot of information, but the following advice will help you remember things better and retain information more successfully: 1.Take it apart: Make the data more digestible by breaking it up into manageable sections. The material may be easier to memorize and remember as a result. 2.Use mnemonics: Mnemonics are memory aides that make it easier to retain information. A few examples are associations, rhymes, and acronyms. 3.Repetition is essential for learning new information. The material should be repeated several times, either verbally or in writing. 4.Visualize: Make associations or images in your mind that will assist you recall the knowledge. This is particularly beneficial for recalling difficult or abstract ideas. 5.Utilize various senses: When learning and memorizing information, use all of your senses. Create diagrams and visual aids, for instance, or read the information aloud. 6.Test your own knowledge by posing a question to yourself or having someone else do it for you. You can use this to pinpoint the areas where you should concentrate your study efforts. 7.Getting enough sleep is important for strengthening memories and enhancing recall. Make sure you get adequate rest, especially after studying or learning anything new. 8.Practice, practice, practice: Finally, test out how you'll use the knowledge in various situations. You may strengthen your memory and increase the depth of your grasp of the material by doing this.", "It can be difficult to study quickly and effectively, but the following advice can help you make the most of your study time:    1.Prioritize your work: Decide which of your duties are the most crucial, then order them accordingly. This will assist you in maintaining focus and maximizing your study time.                  2.Set objectives: For every study session, establish clear, measurable objectives. You may monitor your development and maintain motivation by doing this.                                 3.Use active learning strategies to help you retain information better. Active learning strategies include summarizing, outlining, and asking questions.                                              4.Take it apart: Make the material more manageable by dividing it into smaller sections. This may facilitate studying and memory retention.                                                         5.Utilize visual aids: You can better comprehend and remember difficult material by using visual aids like diagrams, charts, and graphs.                                                            6.Distractions should be kept to a minimum by studying in a quiet area and turning off all electronic devices, including your phone. 7.Take frequent stops to rest and refuel. You can do this to stay concentrated and productive during your study session.             8.Test your  knowledge by asking questions to yourself or by taking sample exams. You can use this to pinpoint the areas where you should concentrate your study efforts.                             9.Utilize memory aids: You can remember information more quickly by using mnemonic devices like acronyms, rhymes, and associations.   10.Keep your study materials accessible and arranged to maintain organization. When you need information quickly, this can help you save time and prevent frustration."],
     "context": [""]
    },
    {"tag": "goal",
     "patterns": ["What are some strategies to improve goal achievement?", 
     "Can you provide tips for better goal attainment?", 
     "How can I enhance my goal accomplishment?", 
     "What can I do to increase my success in achieving goals?", 
     "Do you have any advice for better goal realization?", 
     "Can you suggest ways to improve goal attainment?", 
     "What are some effective methods for achieving goals?", 
     "How can I maximize my goal achievement?", 
     "What steps can I take to better achieve my goals?", 
     "Do you have any recommendations for improving goal fulfillment?", 
     "Can you give me insights on better goal accomplishment?", 
     "How can I optimize my goal success?", 
     "What techniques can I employ to enhance my goal achievement?", 
     "How can I improve my goal-reaching capabilities?", 
     "Do you have any strategies for better goal attainment?", 
     "What are some proven ways to increase goal achievement?"],
     "responses": ["Here are some tips to help you better achieve your goals: 1) Be specific and clear about your goals. Write them down and make them as clear and specific as possible. Avoid vague or general goals that are difficult to measure. 2) Break down your goals into smaller, manageable steps. This will help you to avoid feeling overwhelmed and will make it easier to make progress towards your goals. 3) Create a plan of action. Identify the specific actions you need to take to achieve your goals and create a plan that outlines these steps. Make sure to set deadlines for each step to keep yourself accountable.4) Stay motivated. Keep your goals in mind and remind yourself of the reasons why you set them in the first place. Celebrate your progress and achievements along the way to stay motivated. 5) Be flexible and adaptable. Be open to making changes to your plan as needed. Life is unpredictable, and sometimes things don't go according to plan. Being flexible and adaptable will help you to stay on track towards your goals even when faced with unexpected challenges.6) Stay accountable. Share your goals with a friend or family member who can hold you accountable and provide support and encouragement. 7) Take action. Ultimately, the most important thing you can do to achieve your goals is to take action. Start taking steps towards your goals today, no matter how small they may be.", "Setting goals is an important part of achieving success in any area of your life. Here are some tips for setting effective goals: Step 1-Make them particular: Clearly state and be explicit about your objectives. To exercise more, for instance, instead of saying 'I want to exercise more,' make the aim to 'exercise for 30 minutes at least three times per week.'Step 2-Make sure they are measurable: Make sure your goals are quantifiable so you can track your development and maintain motivation. As opposed to stating, 'I want to save more money,' for instance, make the goal to 'save $500 per month.'                                                         Step 3-Make sure they are doable: Set demanding but attainable objectives. When establishing your goals, take into account your current resources, capabilities, and limitations.               Step 4-Make them applicable: Establish objectives that are in line with your values, priorities, and aspirations. Make sure your objectives line up with your long-term life vision.             Step 5-Make them time-bound by giving yourself a target to meet. This can keep you motivated and concentrated so that you can continually move closer to your goals.                          Step 6-Goals should be written down and reviewed frequently. This can keep you accountable and serve as a motivational and progress reminder.                                                       Step 7-Break things down: Divide bigger objectives into more achievable, smaller steps. This can assist you in maintaining concentration and continually moving closer to your objectives.", "There are several steps you can take to increase your chances of reaching your goals:                                            Step 1-Make a strategy: Create a detailed strategy that specifies the measures you must take to accomplish your objective. Make a schedule for accomplishing each step in your objective by breaking it down into smaller, more doable activities.                   Step 2-Remind yourself of the reasons why your goal is important to you to stay motivated and focused. Celebrate your accomplishments along the road as you visualize accomplishing your goal.        Step 3-Take action: Every day, even if it's just a small step, take persistent action toward your goal. Stick to your strategy and make required adjustments if you run into problems or setbacks.      Step 4-Follow your development: Observe your advancement toward your objective. This can assist you in maintaining motivation, identifying areas for growth, and celebrating accomplishments.  Step 5-Maintain accountability by telling others about your objectives and soliciting their help and encouragement. This might give you the support you need to accomplish your objective while also assisting you in maintaining accountability and motivation  Step 6-Recover from mistakes: Recognize that failures and setbacks are a normal part of creating goals. Failures should be viewed as chances for learning and development. Use what you discover to modify your strategy and advance."],
     "context": [""]
    },
    {"tag": "stress",
     "patterns": ["What are some ways to relieve stress?", 
     "What are some stress-relieving activities?", 
     "How can I reduce stress?", 
     "What are some tips for managing stress?", 
     "What are some healthy ways to cope with stress?", 
     "What are some natural ways to relieve stress?", 
     "What are some relaxation techniques?", 
     "What are some ways to de-stress?", 
     "What are some ways to calm down?", 
     "What are some ways to unwind?"],
     "responses": ["Sleep enough, do daily exercises, meditate."],
     "context": [""]
    },
    {"tag": "exam",
     "patterns": ["What are some effective ways to minimize exam stress?", 
     "Can you provide tips for reducing stress during exams?", 
     "How can I manage exam-related stress?", 
     "What strategies can I use to alleviate exam stress?", 
     "Do you have any advice for coping with exam pressure?", 
     "Can you suggest techniques to reduce stress before exams?", 
     "What are some proven methods to calm exam-related anxiety?", 
     "How can I relax and stay focused during exams?", 
     "What steps can I take to lower my exam stress levels?", 
     "Do you have any recommendations for dealing with exam stress?", 
     "Can you give me insights on reducing stress while preparing for exams?", 
     "How can I maintain a healthy mindset and reduce exam stress?", 
     "What are some practical ways to handle exam-related tension?", 
     "How can I create a stress-free environment for studying?", 
     "Do you have any strategies for managing stress during exams?", 
     "What are some self-care practices to reduce exam stress?"],
     "responses": ["Exam time can be a stressful period for many students, but there are several things you can do to manage your stress levels:        1)Plan in advance: To ensure that you have adequate time to study and review the information, begin exam preparation well in advance. When it's time for your exam, this can make you feel more assured and less anxious.                                                  2)Plan your study time: Create a study schedule that allows for regular breaks and time for self-care pursuits like physical activity, meditation,or socializing. This can assist you in preventing burnout and improving your stress management.           3)Take care of your physical and mental health by obtaining adequate sleep, maintaining a balanced diet, and partaking in relaxing and rejuvenating activities.                              4)Use relaxation techniques: To help you feel less stressed and anxious, try yoga, meditation, or deep breathing.                  5)Avoid last-minute cramming: Avoid cramming the night before an exam because it will make it more difficult for you to remember the material. Instead, concentrate on going over the content you've previously studied, then get a full night's rest.                  6)Stay upbeat and concentrate on your accomplishments and skills. Remind yourself that your exam performance does not determine your value as a person and that you can always learn from past errors and get better moving forward.                                     7)Seek assistance: If you are feeling overburdened or worried, don't be afraid to ask for assistance from friends, family members, or a mental health professional. They can offer you the advice and help you require to effectively manage your stress levels.", "Handling a large amount of stress can be challenging, but there are several strategies you can use to manage and reduce your stress levels:                                                            1)Find the source of your stress: Make an effort to pinpoint the particular circumstances or triggers that are making you anxious. You may create a strategy to better manage your stress once you've determined where it's coming from.                                 2)Practice relaxation methods: To assist lower stress and anxiety, practice relaxation methods like deep breathing, meditation, or yoga.                                                              3)Exercise frequently: Regular exercise can help lower stress and lift your spirits. Try to get in 30 minutes or more of exercise every day.                                                         4)Take care of your physical and mental health by obtaining adequate sleep, maintaining a balanced diet, and partaking in relaxing and rejuvenating activities.                              5)Learn to say no: Don't accept too many obligations or responsibilities, and have the ability to decline when necessary. This can help people feel less stressed and avoid burning out.     6)Seek social support: Ask for assistance and motivation from friends, family members, or a support group. It can make you feel less isolated and more supported to express your feelings to others.                                                                  7)Consult a professional: If your stress levels are seriously affecting your daily life, think about consulting a mental health expert for professional assistance. They can offer you the advice and help you require to effectively manage your stress levels."],
     "context": [""]
    },
    {"tag": "motivation",
     "patterns": ["How can I motivate myself?", 
     "What are some effective ways to find motivation?", 
     "Can you provide tips for self-motivation?", 
     "How can I stay motivated and achieve my goals?", 
     "What strategies can I use to boost my motivation?", 
     "Do you have any advice for staying motivated?", 
     "Can you suggest techniques to stay motivated in challenging times?", 
     "What are some proven methods to increase self-motivation?", 
     "How can I overcome motivational obstacles?", 
     "What steps can I take to maintain motivation?", 
     "Do you have any recommendations for finding motivation when feeling demotivated?", 
     "Can you give me insights on self-motivation and productivity?", 
     "How can I cultivate a positive mindset and stay motivated?", 
     "What are some practical ways to stay motivated in the face of difficulties?", 
     "Do you have any strategies for maintaining long-term motivation?", 
     "What are some self-motivation practices I can adopt?"],
     "responses": ["Motivation can be a challenging thing to summon, but there are a few strategies that you can try to get yourself motivated:                                                          1)Establish precise objectives: Having a clear objective in mind might help you concentrate your efforts and maintain motivation. Make sure your objectives are attainable and sensible.             2)Organize bigger goals into manageable steps: By organizing bigger goals into manageable phases, you may make them less intimidating and maintain your motivation as you progress toward the bigger goal.                                                                  3)Reward yourself: When you accomplish goals or finish work, it might be beneficial to treat yourself. This can be a tiny gesture, like a treat, or a larger one, like a day off.                     4)Obtain motivation: Look for inspiration in the people and things you like around you. It can also be inspiring to read about or watch movies about people who have overcome challenges and accomplished amazing things.                                       5)Get organized: A tidy, orderly workstation or setting can increase your motivation and focus.                                6)Surround yourself with positivity: To help you stay motivated, try to surround yourself with positive people and messages.                                                                    Remember that motivation might come and go, but you can help yourself stay motivated and accomplish your goals by adopting these tactics into your daily routine.", "Sure, here are some motivational quotes:                                               1)'Believe you can and you're halfway there.' -Theodore Roosevelt The importance of optimistic thinking is stressed in this quotation. You're much more likely to succeed if you have confidence in your abilities and in yourself. You've already moved closer to your goal by believing in yourself.                                          2)'Success is not final, failure is not fatal: It is the courage to continue that counts.' -Winston Churchill                    Success and failure are merely transient states, as this quote serves to remind us. The ability to persevere in the face of adversity is what matters most. Success is a process, not a destination, and the capacity to stick with it through the ups and downs is what really counts.                                       3)'You miss 100% of the shots you don't take.' -Wayne Gretzky    The significance of acting is the main theme of this quotation. You'll never be successful if you never attempt. You give yourself a chance to succeed by taking chances and pursuing your desires.                                                                      4)'The only way to do great work is to love what you do.' -Steve Jobs                                                             The significance of discovering passion and purpose in your profession is emphasized by this quotation. Being passionate about what you do makes it far simpler to maintain motivation and push beyond challenges. You'll be more successful if you work at something you enjoy.                                               5)'Success is not how high you have climbed, but how you make a positive difference to the world.' -Roy T. Bennett              This quotation serves as a helpful reminder that success isn't only about achieving your own goals; it's also about having a positive influence on the world. We might experience a sense of joy via serving others that transcends our own accomplishments and praises."],
     "context": [""]
    },
    {"tag": "social",
     "patterns": ["How can I make friends at University?", 
     "What are some effective ways to make friends in a university setting?", 
     "Can you provide tips for building social connections at university?", 
     "How can I meet new people and form friendships at university?", 
     "What strategies can I use to make friends in a university environment?", 
     "Do you have any advice for socializing and making friends at university?", 
     "Can you suggest techniques to overcome social barriers and make friends at university?", 
     "What are some proven methods to foster new friendships in a university community?", 
     "How can I initiate conversations and develop friendships with fellow students at university?", 
     "What steps can I take to create a supportive social network at university?", 
     "Do you have any recommendations for finding like-minded individuals and forming friendships at university?", 
     "Can you give me insights on building social connections and friendships in a university context?", 
     "How can I cultivate a welcoming attitude and establish meaningful connections with my peers at university?", 
     "What are some practical ways to participate in social activities and meet potential friends at university?", 
     "Do you have any strategies for maintaining and strengthening friendships throughout university?", 
     "What are some approaches to handle social challenges and make friends in a new university environment?"],
     "responses": ["At first, making friends at university may seem difficult, but there are lots of methods to network and form relationships:                                                     1)Attend orientation events: Orientation activities are intended to introduce incoming students to one another and campus life. Use these occasions to your advantage and as a chance to network.      2)Join clubs and organizations: A wonderful method to meet people who share your interests is to join a club or organization that reflects your interests. To develop ties with other members, regularly attend meetings and events.                              3)Take part in group projects: These are excellent opportunities to get to know your classmates and cooperate in achieving a common objective. Take advantage of these chances to introduce yourself to and interact with your peers.                                      4)Study in groups: Group work not only increases your chances of academic achievement, but it also fosters relationships between you and your fellow students. Think about starting a study group or joining an existing one.                                           5)Participate in community service projects or volunteer your time: Getting engaged in community service projects or volunteering your time can introduce you to people who are passionate about having a positive impact on their community.                                6)Attend social activities to make new acquaintances and network outside of the classroom. Examples of social events include parties, movie evenings, and game nights.                                                                                                 Keep in mind that developing friendships requires time and effort. Make the first move in establishing relationships with individuals by striking up a discussion. To meet new individuals, keep an open mind and be willing to stretch yourself.", "For many people, feeling socially uncomfortable in particular circumstances is a typical occurrence. Here are some pointers to help you feel more at ease and certain in social settings:                               1)Active listening is a skill that can be developed in social interactions. Try to pay attention to what people are saying and demonstrate interest by posing inquiries or making pertinent remarks.                                                           2)Make eye contact: Making eye contact with others can help you connect with them and communicate your interest in the conversation. However, avoid staring for too long or with too much intensity as this might be upsetting to other people.                           3)Practice social skills: You may get better at social skills with practice. To enhance your social skills, think about enrolling in a public speaking or communication program or joining a social skills club.                                                              4)Be genuine: Trying to be someone you're not may be draining and frequently makes you feel even more awkward in social situations. Find people who share your values and interests, and embrace your personality and interests.                                         5)Don't be too serious with yourself: It can be intimidating to engage with people, but it's crucial to not take yourself too seriously. Keep in mind that everyone experiences uncomfortable occasionally and that making errors is OK.                         6)Be optimistic: A cheerful outlook might make you feel more at ease and self-assured in social settings. Instead of being afraid or anxious, try to approach social situations with an attitude of inquiry and openness.                                                                                                          Remember that social awkwardness is a frequent sensation and that it's acceptable to feel uncomfortable or make mistakes. As you continue to practice and try out new social situations, you'll probably start to feel more at ease and confident."],
     "context": [""]
    },
    {"tag": "health",
     "patterns": ["Can you give me health tips?",
     "What are some tips for maintaining good health?", 
     "Can you provide advice on improving my overall health?", 
     "How can I lead a healthy lifestyle?", 
     "Do you have any suggestions for staying healthy?", 
     "What are some ways to take care of my health?", 
     "Can you give me tips for better physical well-being?", 
     "How can I prioritize my health and well-being?", 
     "What are some practices for promoting a healthy body and mind?", 
     "Do you have any recommendations for healthy habits?", 
     "Can you suggest tips for a balanced and nutritious diet?", 
     "How can I incorporate exercise into my daily routine for better health?", 
     "What are some strategies for managing stress and improving mental health?", 
     "Do you have any advice for getting enough sleep and maintaining a healthy sleep schedule?", 
     "Can you provide tips for staying hydrated and drinking enough water?", 
     "How can I make self-care a priority for my overall health and well-being?", 
     "What are some ways to prevent illness and maintain a strong immune system?", 
     "Do you have any suggestions for maintaining a healthy weight and body composition?"],
     "responses": ["Avoid smoking and excessive alcohol consumption: Smoking is a leading cause of preventable diseases, and excessive alcohol consumption can increase the risk of chronic diseases such as liver disease and certain cancers", "You may stay in shape by engaging in a variety of exercises, and the most effective one for you will depend on your personal preferences, fitness objectives, and physical capabilities. The following are some exercises that are frequently advised for enhancing general fitness and maintaining good health:                                           1)Cardiovascular exercise, also referred to as aerobic exercise, increases your heart rate and breathing rate while also enhancing your cardiovascular health and calorie burning. Running, cycling, swimming, and jumping rope are among examples.                     2)Strength Training: In order to increase strength and build muscle, strength training requires the use of resistance, such as weights or resistance bands. Additionally, it can aid in boosting metabolism and bone density. Examples include bodyweight exercises like pushups and squats as well as resistance band activities.     3)High-Intensity Interval Training (HIIT) is a type of exercise that alternates short bursts of vigorous exercise with rest or lower-intensity activity. Strengthening, burning calories, and improving cardiovascular fitness are all benefits. Sprinting, jump squats, and burpees are a few examples.                            4)Yoga: A variety of stretches and positions are used in yoga to increase balance, flexibility, strength, and mental clarity. Additionally, it can aid in relaxation and stress reduction.       5)Pilates: Pilates is a low-impact exercise method that emphasizes flexibility, core strength, and good posture. Strengthening the back, abdominal muscles, and legs as well as balancing and coordination can all be benefited from it.                                                                                       Always keep in mind that the ideal form of exercise is one you will continue with over time and like. Additionally, it's critical to change up your exercise regimen to avoid getting bored and to challenge your body in new ways. Before beginning a new workout regimen, speak with a healthcare provider, especially if you have any underlying medical concerns.", "A healthy, balanced diet is crucial for general wellbeing and can help lower the risk of chronic illnesses like cancer, diabetes, and heart disease. Here are some general guidelines for a nutritious diet to take into account:                                                           1)Consume a range of entire foods: By eating a range of fruits, vegetables, whole grains, lean proteins, and healthy fats, you can provide your body the nutrition it needs to operate at its best.   2)Reduce your intake of processed and sugary foods: These foods can cause weight gain and raise your chance of developing chronic diseases. Limit your consumption of these foods and opt for alternatives made from whole foods.                                3)Watch your portion sizes; overeating, even on nutritious foods, might make you gain weight. Pay attention to portion sizes and try to eat just enough to feel satisfied rather than stuffing yourself. 4)Keep hydrated: Drinking adequate water can help control appetite, avoid dehydration, and improve digestion. It is also crucial for general health.                                                    5)Think about adopting a plant-based diet: Vegetarian or vegan diets, for example, can have several health advantages and may lower the risk of developing chronic diseases.                     6)Consult a certified dietitian: Based on your unique needs and goals for your health, a registered dietician can offer individualized advice and direction.                                                                                                 Do not forget that a healthy food is only one aspect of a healthy lifestyle. For general health and welfare, regular exercise, stress reduction, and adequate sleep are all crucial."],
     "context": [""]
    },
    {"tag": "exercise",
     "patterns": ["What type of exercise is good to stay in shape?", 
     "What are some effective exercises for staying in shape?", 
     "Can you recommend specific workouts to maintain fitness?", 
     "What types of physical activities can help me stay in shape?", 
     "Which exercises are best for overall fitness?", 
     "Do you have any suggestions for staying in shape through exercise?", 
     "What kind of workouts should I focus on to stay fit?", 
     "Can you provide examples of exercises that promote physical fitness?", 
     "How can I choose the right exercises to stay in shape?", 
     "Are there any particular workout routines that are effective for maintaining fitness?", 
     "What types of exercises should I incorporate into my fitness regimen?", 
     "Do you have any recommendations for staying in shape through regular physical activity?", 
     "Which exercises target multiple muscle groups and improve overall body strength?", 
     "Can you suggest exercises that help with weight management and toning?", 
     "What are some popular forms of exercise for staying in shape?", 
     "How can I create an exercise plan that suits my fitness goals and preferences?", 
     "Are there any specific exercises that are beneficial for cardiovascular health and endurance?", 
     "Do you have any tips for staying motivated to exercise regularly?"],
     "responses": ["The recommended amount of exercise to stay in shape for most adults is around 150 minutes of moderate-intensity aerobic exercise or 75 minutes of vigorous-intensity aerobic exercise per week, along with strength training exercises at least two days per week."],
     "context": [""]
    },
    {"tag": "diet",
     "patterns": ["What is the recommended diet for maintaining good health?", 
     "Can you suggest a healthy eating plan for overall well-being?", 
     "What are some nutritious diets that promote good health?", 
     "Which type of diet is considered the best for staying healthy?", 
     "Do you have any advice on choosing the right diet for optimal health?", 
     "What should I include in my diet to ensure a healthy lifestyle?", 
     "Are there any specific dietary guidelines for maintaining good health?", 
     "Can you recommend a balanced diet for overall wellness?", 
     "What are the key components of a healthy and nourishing diet?", 
     "How can I create a meal plan that supports my health goals?", 
     "Are there any particular foods or nutrients that are essential for staying healthy?", 
     "Do you have any tips for making healthier food choices?", 
     "What are some popular diets that are known for their health benefits?", 
     "Can you provide information on different dietary approaches for maintaining good health?", 
     "Are there any specific eating habits that are associated with better overall health?", 
     "What should I avoid in my diet to stay healthy?", 
     "Do you have any recommendations for a sustainable and long-term healthy eating plan?", 
     "What are some common misconceptions about diets and staying healthy?"],
     "responses": ["A good diet generally includes a variety of whole foods, such as fruits, vegetables, lean proteins, whole grains, and healthy fats, while minimizing processed foods, sugary drinks, and excessive sodium and saturated fat intake."],
     "context": [""]
    },
    {"tag": "name",
     "patterns": ["What is your name?",
     "Can you tell me your name?",
     "May I know your name?",
     "What should I call you?",
     "Who are you?",
     "What's your name?",
     "What do you go by?",
     "Do you have a name?",
     "Could you introduce yourself?",
     "What is the name you use?",
     "How should I address you?"
     ],
     "responses": ["My name is Walley", "Walley!"],
     "context": [""]
    },
    {"tag": "age",
     "patterns": ["How old are you?", 
     "What is your age?",
     "How many years do you have?",
     "What is your age?",
     "When were you born?",
     "Can you tell me your age?",
     "What's your age?",
     "How long have you existed?",
     "What's the duration of your existence?",
     "What's your birthdate?",
     "How many years have you been around?",
     "What's your time of origin?"
     ],
     "responses": ["I am barely 3 months old!"],
     "context": [""]
    },
    {"tag": "creators",
     "patterns": ["Who created you?", 
     "Who is your creator?",
     "Who made you?",
     "By whom were you created?",
     "Who brought you into existence?",
     "Who is responsible for your creation?",
     "Who developed you?",
     "Who is behind your creation?",
     "Who designed you?",
     "Who is the mastermind behind your creation?",
     "Who is the genius behind your existence?"
     ],
     "responses": ["A group of naive third year students."],
     "context": [""]
    },
    {"tag": "food",
     "patterns": [ "What's your favourite food?",
     "Do you have a favourite food?",
     "What food do you like the most?",
     "What is your preferred food?",
     "What's the food you enjoy the most?",
     "What food is your favorite?",
     "What's your go-to food?",
     "What type of food do you love?",
     "What's the food you crave the most?",
     "What kind of food do you prefer?",
     "What's your favorite dish?",
     "What food makes you the happiest?"
     ],
     "responses": [ "I can't eat food, silly, but I love to have a byte!" ],
     "context": [ "" ]
    },
    {
     "tag": "joke",
     "patterns": ["Tell me a joke", 
     "Make me laugh", 
     "Can you tell me a joke?",
     "Say something funny",
     "Could you share a joke with me?",
     "Do you have a joke to tell?",
     "Tell me a funny joke, please.",
     "I'd love to hear a joke from you.",
     "Can you make me laugh with a joke?",
     "What's a good joke you can share?",
     "Share a joke with me, if you can.",
     "I could use a good laugh. Tell me a joke!",
     "Do you know any jokes you can tell?",
     "Could you lighten the mood with a joke?"
     ],
     "responses": [ "Sure, why did the tomato turn red? Because it saw the salad dressing!", "Why don't scientists trust atoms? Because they make up everything!", "Why don't scientists trust sea levels? Because they're always up to something!" ],
     "context": [ "" ]
    },
    {
        "tag": "feel",
        "patterns": ["Can you feel?", 
        "Do you feel?", 
        "Do you have feelings?",
        "Can you experience emotions?",
        "Do you have the ability to feel?",
        "Are you capable of feeling?",
        "Can you sense emotions?",
        "Do you possess feelings?",
        "Are you able to feel emotions?",
        "Can you perceive emotions?",
        "Do you have the capacity to feel?",
        "Are you sensitive to emotions?",
        "Can you sense and understand feelings?"
        ],
        "responses": ["No, all I do is answer questions."],
        "context": [ "" ] 
       },
       {
        "tag": "what",
        "patterns": ["What are you?", 
        "Who are you?",
        "What is your nature?",
        "What kind of entity are you?",
        "What category do you belong to?",
        "What defines your existence?",
        "What is your essence?",
        "What species do you identify as?",
        "What characterizes your being?",
        "What is your identity?",
        "What is your true nature?",
        "What type of entity are you?"
        ],
        "responses": ["A conversational chatbot, here to talk to students!"],
        "context": [ "" ] 
       },
       {
        "tag": "faq",
        "patterns": ["What are some frequently asked questions?",
        "Give me a list of frequently asked questions",
        "FAQs",
        "What are common questions people ask?",
        "What are the frequently asked queries?",
        "What are some popular inquiries?",
        "What questions do people often ask?",
        "What are the commonly raised queries?",
        "What are some frequently encountered questions?",
        "What are the typical FAQs?",
        "What are the most commonly asked questions?",
        "What inquiries are frequently made?",
        "What are some commonly addressed concerns?"
        ],
        "responses": ["I frequently get asked: 1. Are you human? 2. Can you feel? 3. What are you?"],
        "context": [ "" ]
       },
       {
        "tag": "work",
        "patterns": [ "How do I improve my work ethic?", 
        "How can I work better?",
        "How can I enhance my work ethic?",
        "What are some ways to boost my work ethic?",
        "What steps can I take to improve my work ethic?",
        "What strategies can I use to strengthen my work ethic?",
        "How do I develop a better work ethic?",
        "What can I do to cultivate a strong work ethic?",
        "What are effective techniques to enhance my work ethic?",
        "What practices can help me improve my work ethic?",
        "How can I increase my productivity and work ethic?",
        "What are some tips for improving my work ethic?"
        ],
        "responses": [ "There are various ways to improve your work ethics, here's a few examples: 1: You can create a list inorder to set tasks you want to complete first based on importance. 2: If you start feeling overwhelmed having a short break to rest and get back on the correct mindset is necessary to ensure you don't make any mistakes. 3: Just make sure that your focus is completely on work during working hours and when you get back home drink your coffee or beer and give your mind the necessary time it needs to rest before you start to work again.  " ],
        "context": [ "" ]
       },
       {
        "tag": "sport",
        "patterns": [ "What do you think about sport?", 
        "What are your thoughts on sports?",
        "How do you feel about sports?",
        "What is your opinion on sports?",
        "What is your perspective on sports?",
        "Do you have any thoughts about sports?",
        "Can you share your views on sports?",
        "What do you think of sports in general?",
        "What is your stance on sports?",
        "Are you a fan of sports?",
        "What is your take on sports?"
        ],
        "responses": [ "Sports not only benefit you physical and mental life it also adds a few sets of skills to a person which might be needed in life and is always useful to have." ],
        "context": [ "" ]
        },
        {
        "tag": "ai",
        "patterns": [ "What do you think about AI?", 
        "What are your thoughts on AI?",
        "How do you feel about AI?",
        "What is your perspective on AI?",
        "Do you have any opinions on AI?",
        "Can you share your views on AI?",
        "What do you think of AI?",
        "What is your stance on AI?",
        "Are you a fan of AI?",
        "What is your take on AI?",
        "What are your impressions of AI?",
        "What is your opinion on artificial intelligence?",
        "What are your thoughts on artificial intelligence?",
        "How do you feel about artificial intelligence?",
        "What is your perspective on artificial intelligence?",
        "Do you have any opinions on artificial intelligence?",
        "Can you share your views on artificial intelligence?",
        "What do you think of artificial intelligence?",
        "What is your stance on artificial intelligence?",
        "Are you a fan of artificial intelligence?",
        "What is your take on artificial intelligence?",
        "What are your impressions of artificial intelligence?"],
        "responses": [ "AI has the potential to bring significant advancements and benefits to various fields, including healthcare, education, transportation, and more. It can automate repetitive tasks, analyze vast amounts of data, assist in decision-making, and help solve complex problems." ],
        "context": [""]
        }
]
}